{
  "seed": 42,
  "baseline": {
    "primary": -2.767939805984497,
    "bce": 2.767939805984497
  },
  "alg1_top_circuits": [
    {
      "attn_id": 0,
      "head_id": 3,
      "primary_drop": 1.2592781782150269
    },
    {
      "attn_id": 0,
      "head_id": 2,
      "primary_drop": 1.1256400346755981
    },
    {
      "attn_id": 1,
      "head_id": 1,
      "primary_drop": 1.0850669145584106
    },
    {
      "attn_id": 1,
      "head_id": 0,
      "primary_drop": 0.8358227014541626
    }
  ],
  "alg2_attack": {
    "clean_primary": -2.0739989280700684,
    "adv_primary": -2.5547242164611816,
    "success_delta": 0.4807252883911133
  },
  "trace": {
    "clean": {
      "attn1": {
        "shape": [
          4,
          5,
          20,
          20
        ],
        "mean": 0.05000000074505806,
        "std": 0.017739681527018547,
        "min": 0.008838402107357979,
        "max": 0.18924327194690704
      },
      "attn2": {
        "shape": [
          4,
          5,
          20,
          20
        ],
        "mean": 0.05000000074505806,
        "std": 0.016216736286878586,
        "min": 0.010214569978415966,
        "max": 0.17203211784362793
      },
      "adj": {
        "shape": [
          4,
          20,
          20
        ],
        "mean": 0.004200746305286884,
        "std": 0.020553383976221085,
        "min": -0.0507485494017601,
        "max": 0.07652588933706284
      }
    },
    "adv": {
      "attn1": {
        "shape": [
          4,
          5,
          20,
          20
        ],
        "mean": 0.04999999701976776,
        "std": 0.017918357625603676,
        "min": 0.010987542569637299,
        "max": 0.1588672399520874
      },
      "attn2": {
        "shape": [
          4,
          5,
          20,
          20
        ],
        "mean": 0.05000000819563866,
        "std": 0.016259590163826942,
        "min": 0.009415068663656712,
        "max": 0.1567295491695404
      },
      "adj": {
        "shape": [
          4,
          20,
          20
        ],
        "mean": 0.004932913929224014,
        "std": 0.019785290583968163,
        "min": -0.03652821108698845,
        "max": 0.06950489431619644
      }
    }
  }
}